dataset,tool,operation,run,wall_time_s,file_size_bytes,rss_kb
synthetic_10,bamsi,build,1,.007,2331,0
synthetic_10,bamsi,count_ACGT,1,.005076,0,0
synthetic_10,bamsi,count_ACGTACGT,1,.004702,0,0
synthetic_10,bamsi,count_TGCATGCA,1,.009315,0,0
synthetic_10,bamsi,count_AAAA,1,.005348,0,0
synthetic_10,bamsi,count_CCCC,1,.005580,0,0
synthetic_10,bamsi,count_GGGG,1,.006067,0,0
synthetic_10,bamsi,count_TTTT,1,.004408,0,0
synthetic_10,bamsi,verify,1,.005,0,0
synthetic_10,bamsi,reconstruct,1,.005,356,0
synthetic_10,bamsi,build,2,.006,2331,0
synthetic_10,bamsi,count_ACGT,2,.004832,0,0
synthetic_10,bamsi,count_ACGTACGT,2,.006382,0,0
synthetic_10,bamsi,count_TGCATGCA,2,.004904,0,0
synthetic_10,bamsi,count_AAAA,2,.005475,0,0
synthetic_10,bamsi,count_CCCC,2,.004204,0,0
synthetic_10,bamsi,count_GGGG,2,.004600,0,0
synthetic_10,bamsi,count_TTTT,2,.005778,0,0
synthetic_10,bamsi,verify,2,.005,0,0
synthetic_10,bamsi,reconstruct,2,.005,356,0
